txn,from,to,method,transaction,block,gas,args
df609fd58b65738e083f65a818df3647f4f79e15,10,11,transfer,2,2,2,
e84ef67e22c42ea0c6ad733f10019c545ca0365d,10,12,transfer,2,2,2,
9104c0ae692518cb3a961bddda39d07181da8170,10,13,transfer,2,2,2,
484ca608d13e1db4f2d1d2bb99188a9e30f017eb,10,14,transfer,2,2,2,
86a7a461e50b6a792f9a63f7ae4703d34d0c2838,10,15,transfer,2,2,2,
1ed75a91afaffa07945e43d3beba33be2c7a986e,10,16,transfer,2,3,3,
6bdc2817397bcd480d755f996856676efbe4dab2,10,17,transfer,2,3,3,
5bd2632ee36c5b583f7b998ccea253350a83d450,10,18,transfer,2,3,3,
99e511463fe431e68bac399ef23b0092dbd0eda0,10,19,transfer,2,3,3,
7ca4a7991226522af98f2580ffc03b1c193a207c,10,11,transfer,2,3,3,
06ff62c581c169a6b7af46d184e376a518bfb2b5,10,12,transfer,2,4,4,
87dc75c5e754dbf5e8e8088293ae3a1fb546021d,10,13,transfer,2,4,4,
c39a4ecca0fef68e9003d7802c84b47b2f3c2bc1,10,14,transfer,2,4,4,
020dc278c0eab09c7baa880568d481d78b526f7d,10,15,transfer,2,4,4,
2da34c8ef88495831c712f84836b37ade861d8fb,10,16,transfer,2,4,4,
a8b8918beb9f45e4050ed03f9d3015a15a7f1932,10,17,transfer,2,5,5,
644b2534ddf61cba53e28274df7f77a5de005de1,10,18,transfer,2,5,5,
7b664b873fdecf37a16e94e70adb270eea079562,10,19,transfer,2,5,5,
b4ac219f7a53bbb1c0073af36b3164e7cfc237d7,11,12,transfer,2,5,5,
9f19ea8994e2f5cb8045543f9544224beb3006f5,11,13,transfer,2,5,5,
8156af82b71c9de311aa56919e6b1ff4a65ddb3a,11,14,transfer,2,6,6,
a2df3d442e89fd0bcf66351545b4fec0f3c407bb,11,15,transfer,2,6,6,
61f830fc73a179214640bc628f62ff9886351093,11,16,transfer,2,6,6,
d12c175271147c0dd6aafaa7d830dceb929075fd,11,17,transfer,2,6,6,
88bd5cc3c9bf8e17283e3707929c89b4429a4786,11,18,transfer,2,6,6,
2bd9104458b2af3c5b5c16e1a19558b16136be0e,11,19,transfer,2,7,7,
7144937f2476344504e144204a7561782bf5b7f0,12,13,transfer,2,7,7,
f26e1b5f4b17d27fd5b8afaa2eed2b9342c49a5a,12,14,transfer,2,7,7,
93a7a10416bd7a34717f132b4413a992c6858077,13,14,transfer,2,7,7,
85083b142de74f122fee23b6c85bdbda0c6c4f25,13,15,transfer,2,7,7,
112ba976fee60f9ed4f060f499fd6c64e2cee39e,13,16,transfer,2,8,8,
5fb0a7a413d48efbe8f118ae97adde254d08e57b,14,15,transfer,2,8,8,
ecd0fdebc0b3693009693d38a7b03f376e4330a4,14,16,transfer,2,8,8,
ad66f54bc32810c1c93e07579753d1e3fcfffafa,14,17,transfer,2,8,8,
3f8aa53c8ff82c731a60277b831e9e36c8a1573e,14,18,transfer,2,8,8,
7bfe2d9c25d0847e7b3e23dea3c75513f830291d,15,16,transfer,2,9,9,
b906e8dc7b7de4e6e12f20e61fce83919477dde6,15,17,transfer,2,9,9,
92e8078057a07dd66b7c3474ae50fda9db224613,15,18,transfer,2,9,9,
8e44d965891873bc5c014dd50888d808d0ad835f,15,19,transfer,2,9,9,
d251f1888490d48a4bc8a8e22e0e0308b143caa5,16,17,transfer,2,9,9,
faeacc893e3689ef126cbab055b6115cb3ce3903,16,18,transfer,2,10,10,
538793f0e946724e8c05edf4fcf58a613db67f5f,16,19,transfer,2,10,10,
edc67b49356afe432ab0ac92f6fde09052f9c524,17,18,transfer,2,10,10,
3f6a02ee7bf7ada4d25f1dbbf312b8e13b4d7d20,17,19,transfer,2,10,10,
650029008a9aa94bb0730b888b247489a0fd700d,18,19,transfer,2,10,10,
b56965eb30010e2bc69e9e79f5ed7325955fc4a4,10,11,transfer,2,11,11,
065a781558c0548d95b0128d2e63a63b49133785,10,12,transfer,2,11,11,
8f1bc6b409589e33d0e164c00b0a2af7d234c2de,10,13,transfer,2,11,11,
e256d7192d4066c9c68f440a0836cc0713dbc4c7,10,14,transfer,2,11,11,
e803eb672992b22188f680f5ab856fc74b0c679a,10,15,transfer,2,11,11,
546918b0e243f702c410ba344c0922a8535a96ba,10,16,transfer,2,12,12,
4cce3ce8c800d86d513d1c6edc6750401ed375df,10,17,transfer,2,12,12,
b9478a5f8bc62e3f7be9f7413caed1e5fe0ed366,10,18,transfer,2,12,12,
15a5384f4b787afc83ffcd6c27fd758c6f343142,10,19,transfer,2,12,12,
4e99e66d9e65689047f692047c66944a6c0f0b25,11,12,transfer,2,12,12,
297711b53d52690230c00ea8458a24578f874fdd,11,13,transfer,2,13,13,
b7dbdbf8becbe6d7524c223313e69817c71b29b4,11,14,transfer,2,13,13,
a1aa6712aa8907e32b45caddd2da64d42d82df32,11,15,transfer,2,13,13,
15a069afb98fab8061e7e348aa1646ec2b8d162d,11,16,transfer,2,13,13,
ba2bea2a050d574a20219ed79e9ca216807492e6,11,17,transfer,2,13,13,
bedcf3cfc9dd924069eced97147ea50b14db06cc,11,18,transfer,2,14,14,
a122357dbec14e99c0b60db4d735727acfde3b04,11,19,transfer,2,14,14,
753fdb6a6272794b02555197cad939f4b425f8f6,12,13,transfer,2,14,14,
80be432f43991934c98ff61c915e99c08fa389ce,12,14,transfer,2,14,14,
01776e39be97bc2eb720c0bde4ce8c0a44fd068c,12,15,transfer,2,14,14,
b970cb8a66356e30b21b2190c4bc154465c34dc8,12,16,transfer,2,15,15,
6ebdd503ef84fd48d7e8571d7fb74697d5c2cd94,12,17,transfer,2,15,15,
893fed290307bcb5975e5826b56b54955418da35,12,18,transfer,2,15,15,
fab52d884277b5efbf8ed87a86dfc39da032978e,12,19,transfer,2,15,15,
19998d68224bccd4467e1366b4ef02752ac1147d,13,14,transfer,2,15,15,
395230554f41fd74476f16c60cf2609327f5251b,13,15,transfer,2,16,16,
d7aea71053037fc44f8e113b3de6403bf8acc1fd,13,16,transfer,2,16,16,
82b22426b7694046b240b481add3a9cd7290d2a3,14,15,transfer,2,16,16,
ef897336a0d479f14297c73ccf64222913a485cf,14,16,transfer,2,16,16,
1ecc88377c3f2c75174711a27cbfe7d2ad601755,14,17,transfer,2,16,16,
018cae7ce4cc15a69177b1e30b5412ce20b40440,14,18,transfer,2,17,17,
fe72e2d46e0a76e0d219c991174ffceb2d4056a6,15,16,transfer,2,17,17,
51df1044e0ffdd5b5105a334e77531bb65b62ff9,15,17,transfer,2,17,17,
8a571f9205f488b082fb1e09cfde0593b71085a9,15,18,transfer,2,17,17,
6f4407f8c6ccdd8ad8abb358d8fab3bc35dac839,15,19,transfer,2,17,17,
b1095aee5f7dadf2ba0182d7f904233d6e6f4340,16,17,transfer,2,18,18,
3655ba4f942fbb7dec20bb743c847c6fb3607720,16,18,transfer,2,18,18,
a4c6fe36ae5c8c22d23caa08397941a865213583,16,19,transfer,2,18,18,
805397d13795978d0bede981d7f2da8d7aa63e78,17,18,transfer,2,18,18,
bee9cc260394be0713cfc81ad871f10d48e9fc45,17,19,transfer,2,18,18,
a27e951aef5d0bf81b9361f474039c9a8e7b7aef,18,19,transfer,2,19,19,
d87d70bd0ac05e76bb346ee05483706bf428fa25,10,11,transfer,2,19,19,
554f5f235a42235e360ace1dbbea16c0479709ff,10,12,transfer,2,19,19,
b4332650d6f6dc9ec7c77daaa1926efecfd63fab,10,13,transfer,2,19,19,
d9a2035e8f77078dce9221ba50a9cfba560ff605,10,14,transfer,2,19,19,
193188870a232de8c60271d81d01b7d4b0302d84,10,15,transfer,2,20,20,
af583c54ad69837950ce2ccce949fb039be56f29,10,16,transfer,2,20,20,
5b4b096b7ad2938ea40ec1739d75e8506012b884,10,17,transfer,2,20,20,
a2637632eb797a96ac4bdcde4c6d19f9b6da7ba6,10,18,transfer,2,20,20,
9f28a815e722430153d0556b9dc29d24a6e310ce,10,19,transfer,2,20,20,
bbe70c50487f4c7beb1c2fff5560d48331d8b390,11,12,transfer,2,21,21,
2b3569a66ed7e3064f66ec8ac1109d423e1d5b50,11,13,transfer,2,21,21,
57751a2159d628bed8f863214e31d209b3553ccd,11,14,transfer,2,21,21,
0ac98907a365f6e008edd218d8f56ab1dfb9a1cd,11,15,transfer,2,21,21,
46ddfe946d1e64a37c48da9d23b146ac3ee762d5,11,16,transfer,2,21,21,
28704b032cc8c51f27fcd6263b0f82857c231df5,11,17,transfer,2,22,22,
b7da1bcb8d884c9a3545e837340a05311a2c9a05,11,18,transfer,2,22,22,
53dbe39d030c306102dba8ea9e973813dfbbf207,11,19,transfer,2,22,22,
c5ae1a173a41ad620032f93e05efdbad2866c6c9,12,13,transfer,2,22,22,
3f0857e341a18666b3c411a861bb865615b394c5,12,14,transfer,2,22,22,
eab87b251362081d779ec172f73f66afaa098dde,12,15,transfer,2,23,23,
417bab2f545fb7cd01ca8a1c635cff14b17b3e62,12,16,transfer,2,23,23,
41b2dfa9ea61c56161a12554f0a344e055d7840e,12,17,transfer,2,23,23,
ae9be93e7a311db79930022d1fcee4310430e12d,12,18,transfer,2,23,23,
b365d06306991bc0b42e4021542cf46e9999719b,12,19,transfer,2,23,23,
59a00ed7e708e9a56fe394fec78672b06cfb1c0d,13,14,transfer,2,24,24,
9557809e9583031c9c6af8706542f4204fbb39a5,13,15,transfer,2,24,24,
6d3157cb730d4de1faa09e03b533a8610123d474,13,16,transfer,2,24,24,
2250e6d1f0f0d2d30215d0557252f6fbbc2ff852,13,17,transfer,2,24,24,
a50618db4f209f236e2d947655ba3f06a52ed1b1,13,18,transfer,2,24,24,
79a20b965897197820d8a702e0bb194aaf4ddb91,13,19,transfer,2,25,25,
2270b7fcc37d3557e42cf137a4d2d900c9601e92,14,15,transfer,2,25,25,
8b40b3eb5d8f11da57a5406f9a1d941a67b6f06f,14,16,transfer,2,25,25,
b73317666b209631418bb8f7c82bf59f17ea454b,14,17,transfer,2,25,25,
1d7ca8201e8fd002b9e2ee4e31d768ffa643c8fa,14,18,transfer,2,25,25,
840eb14dc47612c2ecb1e6613f53440325f9d17a,15,16,transfer,2,26,26,
56e493cb11f6814e5d4ae93c05e7cded34c2f9aa,15,17,transfer,2,26,26,
739dd7d3b69ccd1d08dc754f19026fde4fbeb0a1,15,18,transfer,2,26,26,
6fc01aca061b86349a988598e24306f2f28388c4,15,19,transfer,2,26,26,
d883f5425e7f8e414c3a4268deead6b93417ba86,16,17,transfer,2,26,26,
948333e335c1cae38044c917d0c61390b73326f5,16,18,transfer,2,27,27,
1f8ee982724fdce0944acfb05b848b511280fb80,16,19,transfer,2,27,27,
97a8a87ecee407f323542d031dfec81f1fc00428,17,18,transfer,2,27,27,
de6509ecabdc41a75f70af94291c833e8296a68c,17,19,transfer,2,27,27,
4a4e3deffba4208a3b28fd94e212f11837979e90,18,19,transfer,2,27,27,
3c02c806c16abef34753a00cbf1aefa4d192ad09,10,11,transfer,2,28,28,
eff7700a354b5e920b38be138ec646a51d176713,10,12,transfer,2,28,28,
bd3883e4f2aba5331370e17a197e219cbb94669b,10,13,transfer,2,28,28,
9410520e173bb053c3d5e1b95005f2cca570851a,10,14,transfer,2,28,28,
9882d7c467d9fc32075f8ef299afe12dd3ec8b26,10,15,transfer,2,28,28,
76d8d536b6a727de66e7adfb21a5068ad6a4b315,10,16,transfer,2,29,29,
65d8ae115632671410bd9b4ad2aced50f1cc0c42,10,17,transfer,2,29,29,
45ccf1c094b7f34372da349ada05baa526ad257d,10,18,transfer,2,29,29,
5980062b189b8fa860f6b182b1399db3616f9903,10,19,transfer,2,29,29,
574ddd4fb3b97752d25895947d2c8bc9ea478253,11,12,transfer,2,29,29,
3ba649c18f8eb9d8c7258c8a458076b7fb51eea2,11,13,transfer,2,30,30,
6048994f95baabf29de487d5dc0556614e86877e,11,14,transfer,2,30,30,
993187840d0343f34a4d88d38f93d245e9dec9cb,11,15,transfer,2,30,30,
4c0f3f2c0a9980ba8b73549ab419831ec2df4627,11,16,transfer,2,30,30,
021335377fe4eadc9e39e8785781b2100a5d97b4,11,17,transfer,2,30,30,
92cb5dbe7539b6e9b4e7598241b93f5384a22db7,11,18,transfer,2,31,31,
e5b5ba288ab66c22bf4075ae3a41a4e29e4f3db9,11,19,transfer,2,31,31,
e878ee3a723507f809e01fd2d1bac609acf58d41,12,13,transfer,2,31,31,
5e708033912d9d08bb1be8e65464a314e5856891,12,14,transfer,2,31,31,
a45269cc9f2af5182f85e641de681c8dc14ebb65,12,15,transfer,2,31,31,
e0adc97d725fb87e4f079ad8caefe52b89dd5359,12,16,transfer,2,32,32,
6a824e0c8a423814f4dd9a011a973546236c60e1,12,17,transfer,2,32,32,
7b3041ac20eaabcaad0ee09e7bf8a25f71339841,12,18,transfer,2,32,32,
0f8de44e960b7a5dd30271b9285dc2008927af44,12,19,transfer,2,32,32,
b27eb3a0bb82cddf699904d415c1b6227a843506,13,14,transfer,2,32,32,
cd8b2142235dc05ea54799b6475134b6f87daf98,13,15,transfer,2,33,33,
99be6bd90613ac97c655a908432ca840c368811a,13,16,transfer,2,33,33,
fb8fbb9fde0c70ffc4a3fbebc26db5883ba0305f,13,17,transfer,2,33,33,
8fe0cd0ed852adacdea0983351d3d06d2e34de19,13,18,transfer,2,33,33,
ea1ed2c8e511c4c0f5e07a9177852ed5f004d98d,13,19,transfer,2,33,33,
28411bf7b3821b9080e9ab71748426352ca37a63,14,15,transfer,2,34,34,
b50fdbd8c57bc8b7f577ef482e0c5ab2e1c07dc2,14,16,transfer,2,34,34,
cca1c2e6acfe85740aecc6a503aed1454c3ae230,14,17,transfer,2,34,34,
7bebe2f702ef6ee8c9ad57ff42af6b6a0d8c8613,14,18,transfer,2,34,34,
006c78ed0763332dd353becca6daa6a78eec3932,14,19,transfer,2,34,34,
783153d7410defd06ed0c676b936882acaa02611,15,16,transfer,2,35,35,
85ad6463f5b55772db1f131041271e2c8b5e2ca8,15,17,transfer,2,35,35,
daf4f9d974e429b9f0a4ba17bedb05a6aa3b5de1,15,18,transfer,2,35,35,
f4971892723b03a8ffd78633ec26453229b99e58,15,19,transfer,2,35,35,
d1533935fb0303655e4885e177ba1916e5b012be,16,17,transfer,2,35,35,
6bf5f5978076ba6e45c27f29881df624b8f5ddb5,16,18,transfer,2,36,36,
b2c53ee21486b46057b00eb272a3489544605b54,16,19,transfer,2,36,36,
268c45d0434533a4ac848de04dd021258479839f,17,18,transfer,2,36,36,
2db150d7529e9543ee5cbf7d12b4e7d1d08cd102,17,19,transfer,2,36,36,
1505e0bedb2df37f7fb5781447ecd0a21ac935b1,18,19,transfer,2,36,36,
43027deda28137449b422d554a29b285e602b9a4,10,11,transfer,2,37,37,
905d367999ed6ddf1188f09e8dcbe247dfa206f8,10,12,transfer,2,37,37,
a6c9ad1643119aa2f1add85b53eaf0a64f66ec18,10,13,transfer,2,37,37,
4dd615db92e16992602a5461481bc4b8540299e7,10,14,transfer,2,37,37,
03b6e9fb8e8ee970600d7002fab29067a4655539,10,15,transfer,2,37,37,
375afbfbf8dbc653d54f0dfecf60e493d2312db2,10,16,transfer,2,38,38,
69c684c1cbb541687f14c920cb0629eb4fe334f5,10,17,transfer,2,38,38,
5a94d6f7313cf299cf6dbeaa9a526dd92732bc37,10,18,transfer,2,38,38,
bab166fe9cfc29a4f34004cb31cfa44841bd4b61,10,19,transfer,2,38,38,
72806dac0e023f4dbd925f6d19c3e61ae4f1b8f0,11,12,transfer,2,38,38,
a33b1490787de2584899b473f5ccadc088b45aa0,11,13,transfer,2,39,39,
e6c2de97f269fd3494d942a7aacc2f446c5af3d0,11,14,transfer,2,39,39,
a859ac8a401f07a80641438c8d83ec70717fb4cc,11,15,transfer,2,39,39,
9be61211eba6347af2a9f7e39dfdb2c27c5595cc,11,16,transfer,2,39,39,
2335167cb49c89342a1316587a205073a78c077b,11,17,transfer,2,39,39,
511c2955827e93e8fba528ec74ec21735af73512,11,18,transfer,2,40,40,
ff85ed6171162d04fea8e7da03683be0961812d6,11,19,transfer,2,40,40,
919ef2735b9751a2b9cdcffcc61e2ce7a2d793ab,12,13,transfer,2,40,40,
e63d7549caea6296bcd6fda7765a81955a2b0194,12,14,transfer,2,40,40,
8a18819b44c03fd218607c23a2bc778b21527e3e,12,15,transfer,2,40,40,
423d60c9f0edb02dc7ee09689769c9d667bd6f46,12,16,transfer,2,41,41,
1d6f73d601c8f10af858b1a72639210e5fd283b0,12,17,transfer,2,41,41,
6314139e130cfe1501176dc1bf0173120dc7bcfd,12,18,transfer,2,41,41,
053b68ef8f0a4cc2e355587292731a5cd99931dc,12,19,transfer,2,41,41,
e69378cbe5669be6ee18b17e46b659ae294c0f28,13,14,transfer,2,41,41,
fa041cceab75136630d23b3bc0c20f8af32b37bd,13,15,transfer,2,42,42,
c0b7b199854bacb35e9bee9e2171f356df931b48,13,16,transfer,2,42,42,
e2c8563a73d07027ea1f29ef8dedc6fc201eb53c,13,17,transfer,2,42,42,
406373e61553c900bae6fb2e018e8454d036124d,13,18,transfer,2,42,42,
780cebcc6886a35489a289647bf5138136a71508,13,19,transfer,2,42,42,
2193161c4c39c81be44b824f0054169ad2469872,14,15,transfer,2,43,43,
2ce8bc5ee548db96be8ee3c61335f2171b689cab,14,16,transfer,2,43,43,
0821cc3bd696a49ca6dc88296ece94efa33abb9f,14,17,transfer,2,43,43,
94fcf1da545d34665f2896cb4114970429541345,14,18,transfer,2,43,43,
2803a6acb4b2975d1ff15033e09735701d808338,14,19,transfer,2,43,43,
b91f657c8bc1ecac45ece0e05c77a80718dcd537,15,16,transfer,2,44,44,
2f64566ba263a3b5b7142854188a1eacdf484b2c,15,17,transfer,2,44,44,
9659ed4c3241307488ac8af2dcb12cd9298e14e7,15,18,transfer,2,44,44,
5768be30406deb5ca754c6207ca1e8402f817e99,15,19,transfer,2,44,44,
9e9d512f805893d56b86d9eb776fb9cdc256880d,16,17,transfer,2,44,44,
ad1da3771a44a2504c19b10763f61c32e5f921e0,16,18,transfer,2,45,45,
583bef6c3c633d874bcaece2bac4cda2252ea137,16,19,transfer,2,45,45,
842f692d3356d1fdcdc06b2b5cdc0e0c7dda0a05,17,18,transfer,2,45,45,
1305e18b3de64577e3b3173ef091c501debb232b,17,19,transfer,2,45,45,
60e2444332a6818489aa6ae16965fb4dda4467b3,18,19,transfer,2,45,45,
73a3147a7b639323f7411d7af1ee30d7e7639f38,10,11,transfer,2,46,46,
ce70e6fefc8b4604da6cfac0111e09befbe42fff,10,12,transfer,2,46,46,
1381406d20493dff57179c49617c3f371ee31f7e,10,13,transfer,2,46,46,
ac1ff771c933c74f9727c0ad6408d7d60dc18851,10,14,transfer,2,46,46,
8820f5ad574555d3664e2ca2959ae8c97f2e5cbd,10,15,transfer,2,46,46,
bb40f139361af07a803fe0c7dcee1cd3607c30f2,10,16,transfer,2,47,47,
5796fbef1901ca26960467e9bee5f7f3d3862aa6,10,17,transfer,2,47,47,
5af8fee4a58e9d6efa0f0b6843dbceca89908bd7,10,18,transfer,2,47,47,
7c3ebe07e2d5300ade7360f2e0fa707f5e3cbd5d,10,19,transfer,2,47,47,
25553af8a28728a54a13bd266dc1cc4d7f1ff739,11,12,transfer,2,47,47,
6a0d41df5d7059978119508601f5e5d95853e076,11,13,transfer,2,48,48,
6127d41e389ad4de8936c8462df6bb66ea08497b,11,14,transfer,2,48,48,
52544ba4075426c9bff2e9bf16b1639404508bab,11,15,transfer,2,48,48,
b2ba35f6b2a649f941430049d69382154122627e,11,16,transfer,2,48,48,
e936c0cddf45bc520328a85c41488a9dd2670763,11,17,transfer,2,48,48,
81cf0dfe5ba24b9914bdfebc5cef8a41d3ccd60b,11,18,transfer,2,49,49,
5b7c948b2ca1179563b8c78406f382f3c7f6cf37,11,19,transfer,2,49,49,
19cc06c8bbca79cdcd5be8b3ad23f3c386e35aa2,12,13,transfer,2,49,49,
3679f95a6b12de149689c87561377fb2f243bf30,12,14,transfer,2,49,49,
df0015a9f95d3352128cbbbda7288e839cebaa78,12,15,transfer,2,49,49,
2ebbc1b2aae9389a852bf40fe73722c1ca705453,12,16,transfer,2,50,50,
587284d4c033fbf14245ce99c0bb251fd5b885e4,12,17,transfer,2,50,50,
266b93023d132a369204400ca5cdc04b954c1249,12,18,transfer,2,50,50,
b5aea5be10f5d764c152e2b0bdc192ae415a17a5,12,19,transfer,2,50,50,
b1e6da36acea3bb35a46caa1773fd85dd820ba95,13,14,transfer,2,50,50,
3bdb335e7819c4d8ecc55569496b4e6444b104fd,13,15,transfer,2,51,51,
fd4eae012e419d065a3c44b4993a94aa57aaa836,13,16,transfer,2,51,51,
dd38962b023e8d678218f2cb2f860e1894f0bc4f,13,17,transfer,2,51,51,
3aefe57cc9a2a79d5f5e10bd5a64ca863dfeb0f1,13,18,transfer,2,51,51,
098af0ad24f094ae9b22a66146295ea204527260,13,19,transfer,2,51,51,
2e598db308310768e3e3e49156be7b496ef6fb04,14,15,transfer,2,52,52,
da147b260537a13b09aaf67f13e179005f72910f,14,16,transfer,2,52,52,
a013211ee93b2f66162e960a2b5d59afbb279ad7,14,17,transfer,2,52,52,
ec6eeb3d44c43fac27f3209227da0955fc578ccd,14,18,transfer,2,52,52,
023be5a8e97425ef0e23792b4117c0aa99582406,14,19,transfer,2,52,52,
0962bc6d5359d516f6167f559fbc0424cbd5fb28,15,16,transfer,2,53,53,
851d3391918d36118be89e30118a8fab9b56a37e,15,17,transfer,2,53,53,
99510007e5f1d4403d5d2a42ebe3befbdff7e652,15,18,transfer,2,53,53,
949a27e97e09c561e7c11378ecea0a69208d845e,15,19,transfer,2,53,53,
2434f33d6ee5af666d1f7fe7d888f6582a39ccd5,16,17,transfer,2,53,53,
577bc14c855eabe8dfb9b3b4b95486b8677f4fba,16,18,transfer,2,54,54,
3a76ab23a568d87c0e668fa99d7d8cf38d9ff9c7,16,19,transfer,2,54,54,
d34568a31670f92ae4cb8c64d2c5a04d8eacd2b4,17,18,transfer,2,54,54,
3d3ff8117998cb53bb888cce784a809b89caa3a5,17,19,transfer,2,54,54,
58669ad4ba60f176d38bd6a6fa7b0e5535daa941,18,19,transfer,2,54,54,
cfe3e71d168f9f259b4e73b2e16fddde262c8388,10,11,transfer,2,55,55,
5b199f7f0b373ef938d01d8398fb9668e8cdb3db,10,12,transfer,2,55,55,
bceb61b827c574098df864ae8a8d266de81263fa,10,13,transfer,2,55,55,
14cd7b16adc0631da76e713bd1b5746f992f359f,10,14,transfer,2,55,55,
c2046c228c967e30a2449a62b9bb388e0c8e0f29,10,15,transfer,2,55,55,
823136ecc5ecba2d7927f99ac5284ed737172e80,10,16,transfer,2,56,56,
e5a0bc95d582f42bc6563f75bf4a061d7a56385c,10,17,transfer,2,56,56,
4d09e5e20399cf801ade78d54ec31930ed1ceacf,10,18,transfer,2,56,56,
2e7e4e3187d0b15fb8e980c4cb1e9f1f0cac7ae1,10,19,transfer,2,56,56,
24f1716983ba430a2d4d66f9b5b963094904ffec,11,12,transfer,2,56,56,
5e05246be4ac4c2dc8f34c6f4269de9d54027874,11,13,transfer,2,57,57,
589d6077b62bcc964b761b2851b65cb8c8e29ec7,11,14,transfer,2,57,57,
03c3e88725d2799925fd503c31f80c7f318e8b6b,11,15,transfer,2,57,57,
b6ac7107de3522ccaf5a9e643d9605c2dbc2c505,11,16,transfer,2,57,57,
b4df508b368b4fbd6c958aa4dddf352986a77d1e,11,17,transfer,2,57,57,
7ae381dc9b8b849cd7a9d030a68bb55bca26a0e3,11,18,transfer,2,58,58,
7f607d5a4f0fc5e86c28a9a5380b617cc2d68c16,11,19,transfer,2,58,58,
caf738fbb313ebdb2639ce419b6b7e9c93929ebd,12,13,transfer,2,58,58,
5c14628ea86a4bfd2bc8a8b42957295845988f4a,12,14,transfer,2,58,58,
57cdc3df0e92a35296d5b617f089e303df57d7c1,12,15,transfer,2,58,58,
25fcb644e40c0b28d5d461ef745585b8e7d809ac,12,16,transfer,2,59,59,
3937296d61fef7e0a981c0e24b8c73b313bee929,12,17,transfer,2,59,59,
80cd2733a97b4d9960e3fcc2ffacafc304791550,12,18,transfer,2,59,59,
46f9efbce3c8f62ffdb1cf9faca551e18e8dd2e6,12,19,transfer,2,59,59,
b4ebbd625e7cf358ea3d0fe58e9e09a654fc8ac0,13,14,transfer,2,59,59,
d166959c94a2e8c0bbb368b95258b3fd5b492883,13,15,transfer,2,60,60,
c416f74756d98ecb643a609cb4e8adb16c6472b0,13,16,transfer,2,60,60,
7ae1d46a126a33bbf230369b5ebc8fcd6c110403,13,17,transfer,2,60,60,
99c57ef9536e3a7853edfc7f76e20ccd7949ac68,13,18,transfer,2,60,60,
9153b9cbf933f41f6f36860a226604c1e64dba67,13,19,transfer,2,60,60,
14946961d5958af3f76be25d1b37724837223421,14,15,transfer,2,61,61,
689993e45220df24eb30a8ffd00d35ba7e576907,14,16,transfer,2,61,61,
912ae74d0b8af7ccf2c6902f8d810c87045ff2cf,14,17,transfer,2,61,61,
ec4d0a1ccd72552333c114fe6bafcfb18b7c336b,14,18,transfer,2,61,61,
dd35aa2952aebe313321c572ee3edace3d7698ed,14,19,transfer,2,61,61,
3e7f762ba9ffbb8444244a114e83276d469092cb,15,16,transfer,2,62,62,
c24347f3e106ca498e50df06157368060cc0c95e,15,17,transfer,2,62,62,
786ce9327bea2ddf6a89fcc50cdf0f7e9a6de8ae,15,18,transfer,2,62,62,
80b1857c6d799b1f82d60ff71b0e769098aa7e70,15,19,transfer,2,62,62,
7e564af80481ab38bb6651b68fa6252f2e1b0770,16,17,transfer,2,62,62,
772cffddf33d5d916eebb5d70c34ecdf670704eb,16,18,transfer,2,63,63,
057cf5b62850837a081a0cdbed427c7d19e9ce58,16,19,transfer,2,63,63,
bc383be185a36228e0bbc636e7e7cb7fdf8945af,17,18,transfer,2,63,63,
a33723ffb74d67ca660e5ad02c7fd8dcbf7d107a,17,19,transfer,2,63,63,
5ad4019aff3215742f961f84f60d307f3338241b,18,19,transfer,2,63,63,
230a6e22c38e290a97296cf232d6c3fcac1b9d86,10,11,transfer,2,64,64,
5a0500ab18c5dc8da599fcc2a147a950c06b744b,10,12,transfer,2,64,64,
7f136764bcefbec5edb0299fd4add4fb36c49f90,10,13,transfer,2,64,64,
8709401989396ee8721f586c01a4a49748a5ba54,10,14,transfer,2,64,64,
fd7a1cd474e5901040761f263a35dcda21d3036a,10,15,transfer,2,64,64,
eec52ca76422ed6e3621b16316bf9137c85ec3b5,10,16,transfer,2,65,65,
4d1f8986884bdc02d16e4cc45e3e908656695aa3,10,17,transfer,2,65,65,
3cb35cf9cabb4137d365ae3434fe2bd49c70b609,10,18,transfer,2,65,65,
34b0db641990067e66829511005ad54b7b63ce09,10,19,transfer,2,65,65,
383a2dd262432eac9799a04429af735c4a475754,11,12,transfer,2,65,65,
9ed86c9c715511471cff40311350b7696e2b0073,11,13,transfer,2,66,66,
9dd1f6df90f165cc23aedcaa1677f5b998dec6a9,11,14,transfer,2,66,66,
120a0619a83be2502b356cd73343b3e36bd8e60e,11,15,transfer,2,66,66,
1031689ade7c81905a01a401fdb495bb6c21c2c3,11,16,transfer,2,66,66,
dc18c5a73a8ba5224452b27059b57693fa19f093,11,17,transfer,2,66,66,
dc4d8ac8cf5e9ce6354ecdcaa77145929f84511e,11,18,transfer,2,67,67,
4faf63f3c03a3dadff53585e816fa6266adf14bb,11,19,transfer,2,67,67,
1d096e4faefbad8f54d6a7cdd2a875bd92f9cff5,12,13,transfer,2,67,67,
481bd563233882aab113aaf27a17221561533124,12,14,transfer,2,67,67,
7866c67d2fe6c439bc3163de2785809572507ec3,12,15,transfer,2,67,67,
ef423c1fede6f3c024d7f65990911eabfcf0c685,12,16,transfer,2,68,68,
0d879aa37346e806b93f80c22e974e18bd374fbb,12,17,transfer,2,68,68,
f2d6a40b901287ea75a2e9304ccc81a6826f5f43,12,18,transfer,2,68,68,
45f4db84536f0172afda763be43754bbe2348416,12,19,transfer,2,68,68,
f3b37def5be9b31b66fcf0df9e71b723ac799e65,13,14,transfer,2,68,68,
45c50c64f4b9598a9d0a7cc1de42d751b1ebb8a9,13,15,transfer,2,69,69,
6f74d09a0090d2d30769735dbec394092bb28894,13,16,transfer,2,69,69,
a55ff35018037b8d32d12b39b85d2ba448cbe68f,13,17,transfer,2,69,69,
3f45d81d9b4e926484bb7196933665e324870e06,13,18,transfer,2,69,69,
88278dd96dd39753a826ae1a7358aa54cce0ef0c,13,19,transfer,2,69,69,
e6a5395e83ccec586690b060eabe188b6e831d3a,14,15,transfer,2,70,70,
87ae79317f8360c93a69c445d8f594d4115e3116,14,16,transfer,2,70,70,
478218ac1250f636dd42f3dabbf131698a215877,14,17,transfer,2,70,70,
3982027e7fbaa945ca387b0d719175f5651c6f72,14,18,transfer,2,70,70,
3d7bc3e9a20d0daf1edfb1ee54f4bd9725cf4237,14,19,transfer,2,70,70,
dcb41177f6d7039e032a1aa9413fb326939c6656,15,16,transfer,2,71,71,
22e1eebc7616ad9de901edb9bd4c064e7bc1273d,15,17,transfer,2,71,71,
4f912892d4141d31fe8fac0f866ce0e44cf0d3b1,15,18,transfer,2,71,71,
91c08f40f35c419473e6e358dcaeca0e7a552f3d,15,19,transfer,2,71,71,
4bf28492b0f7206865fd8b25b337f4bd64aa19c6,16,17,transfer,2,71,71,
3421fa6e7316f68dc2f001a5ff033dda7dccd1cc,16,18,transfer,2,72,72,
1190741659add1935bd19317afc95d6a0be7b99d,16,19,transfer,2,72,72,
ffe998d5583984abbd738c0b74487f09fc74c15b,17,18,transfer,2,72,72,
12837202b2edd4fd7be014c420dc34aeba806b3f,17,19,transfer,2,72,72,
246c30c361371f183a482e671e1ab2cd13ffb86d,18,19,transfer,2,72,72,
da54ece6cc39fdd9495260c730342fd62aca4b68,10,11,transfer,2,73,73,
1dded2856cc43e07de4b18f3d7ba4fd1e36b44fc,10,12,transfer,2,73,73,
b6bc5c920054c1c43befdf4cbe633a9b844c1019,10,13,transfer,2,73,73,
b365b68d261b833e280bf8a87b5296d6c50eb547,10,14,transfer,2,73,73,
3b7af69f39c9ecfe9478a69d5798e11cadbc6360,10,15,transfer,2,73,73,
d7b298d59f689add19898322a11c8867ff12cbca,10,16,transfer,2,74,74,
43cb9ce5ee467d648bdfcc71954da3fe20d00e9e,10,17,transfer,2,74,74,
14a63290a16036975b0999ea9e0dd215ac0fe90c,10,18,transfer,2,74,74,
062ce40b4a2554490076d40efab82138e1f636fa,10,19,transfer,2,74,74,
005f30a896dc6cb1403e6533a908a9ffd7af7a2f,11,12,transfer,2,74,74,
a8dd3e41d202185469f65d12e4202b71f263a481,11,13,transfer,2,75,75,
e2774673098be30ff7da7e8b472517be22a892af,11,14,transfer,2,75,75,
eb4b2bc64a9d8f48d413fb163b229c9c9d43542c,11,15,transfer,2,75,75,
55b8f576fbd53a52d351eb8fbdd2078442ee7846,11,16,transfer,2,75,75,
ae9a2fa47ee38f2cba5be8f9e0ebf40df78ce158,11,17,transfer,2,75,75,
0c3c9efdb0e1d376a2d8633c3e294949c6288cfb,11,18,transfer,2,76,76,
3030cb2d342ac5c349919312aa2034d6ec4fa70c,11,19,transfer,2,76,76,
958c912fd1d4edee2b0d7123ee6b7a11f993601a,12,13,transfer,2,76,76,
ebca2f9708fac1cabd8e304ec4a164b203a76fe2,12,14,transfer,2,76,76,
8893fae731828efa41e5268835a4cd0c010af121,12,15,transfer,2,76,76,
06e39006127da77612118522466ee7ad7c36d69d,12,16,transfer,2,77,77,
5aec82c70a317596488da7d08619b6ddd6919609,12,17,transfer,2,77,77,
646e9e9690269c4c65b47a238f96185839a70723,12,18,transfer,2,77,77,
97549077b55d50a3181b8de94b8b5f850c34e1c1,12,19,transfer,2,77,77,
b1f74a22ffecf5058404beb237ae98d26e9f8e29,13,14,transfer,2,77,77,
0157cabe5a4d70141f781b7e867675430012d7c3,13,15,transfer,2,78,78,
3c5b715571fa0836f52c7789cb3d3d517429ab32,13,16,transfer,2,78,78,
06984a0b1e52657f22caaee307e410a5c1a3f9cc,13,17,transfer,2,78,78,
090c3d8a3ed29cfb10c08219ded19f4a878b2269,13,18,transfer,2,78,78,
2a9eaa5aac25f9f5562848be48a8f1e89082de37,13,19,transfer,2,78,78,
0b1218225f78bc4a258f29cf53af3398433dca9b,14,15,transfer,2,79,79,
57535b9f4edaa1264035ea5ab42faf36845fd0c8,14,16,transfer,2,79,79,
ef3a821462693baabda6aa86556adf953d2cc085,14,17,transfer,2,79,79,
2d355199b3bb6ca9ea69538b16e26907a77d6408,14,18,transfer,2,79,79,
a96c035670cb3620fb0ac4fa24cdac012d78967f,14,19,transfer,2,79,79,
b9d267050ce969def4e61a5511111c8995e2381a,15,16,transfer,2,80,80,
5198c0575e8268e88f8101113dd6a9ccea699d76,15,17,transfer,2,80,80,
84775e95052c6ea8a61baa0794d44a060cf45407,15,18,transfer,2,80,80,
2d9b2274d9f0b1c0853c675e0487f08d956e43d8,15,19,transfer,2,80,80,
c71161c767c12ad6f813b00ef67a23842b398e82,16,17,transfer,2,80,80,
538acf0ea2602c25510873d92bded75a0ffc8c2c,16,18,transfer,2,81,81,
102b5357b7335eff0206f5bdc11b1938fc73f297,16,19,transfer,2,81,81,
9b7a78744a4c611168f551847e3cbed75e14511f,17,18,transfer,2,81,81,
395e46e125936759621e01375f31a5846784db4b,17,19,transfer,2,81,81,
ef828b876ef933dca86f22fa87cdc079052964a6,18,19,transfer,2,81,81,
36f8ee091f4f557bfff775367cdd6d535e96061b,2,TC,deposit,1,82,82,"{'from': 2, 'to': 32, 'note hash': '850e13891a6046f3e9a89631d4aa86e060181e7d', 'in block': 82}"
d63b75502961e4c4d6830636561ff315ef686f1c,10002,OTHER,transfer,2,82,82,
1dc952f9a5c0bf658b6f1d3fc2259bcc2a68cee0,2,TC,deposit,1,82,82,"{'from': 2, 'to': 32, 'note hash': '090e7aa59fb415c47b01fa54ae7f5470989deafb', 'in block': 82}"
8c2e19c0fa98d6488be4dea4f602b48e0bbef50e,8736,TC,deposit,1,82,82,"{'from': 8736, 'to': 8718, 'note hash': '80647d7a0bb453e23cf88bb781afd4efcda2d2c8', 'in block': 82}"
9c0189d74efcc3616446ab24c4676262d47a1ab5,8184,TC,deposit,1,82,82,"{'from': 8184, 'to': 8181, 'note hash': '4f48fcc5143ad25996f83155deb23bffa9927788', 'in block': 82}"
a84c95b30bbd89292be3e12c3341e79833c4ec5a,2,TC,deposit,1,83,83,"{'from': 2, 'to': 32, 'note hash': 'c37aad954bf14183bfb7aa8314c199f2bdc4923a', 'in block': 83}"
c6d5a9a9d48713b702a7fe6ac4232189bb7cba9f,4519,OTHER,transfer,2,83,83,
ff141e324074c26b39ddd2fc628284c6d014908b,1553,OTHER,transfer,2,83,83,
e037ef4080e6dd342c1b0c9ba878e3cbfba0509e,1744,OTHER,transfer,2,83,83,
855bf8151eaff1d0379d85067352fe01fdb0f903,1,TC,deposit,1,83,83,"{'from': 1, 'to': 57, 'note hash': 'a6fe013c5e94140ba42ba569686797bb5d3ea17b', 'in block': 83}"
952621698fc9ce3b6acdc33513090264b215fc39,5408,TC,deposit,1,84,84,"{'from': 5408, 'to': 5383, 'note hash': '741c410418b30f0665bd23471420fe4b4779b504', 'in block': 84}"
63e182747186c2645063ecb4293aabedd58765b7,52,TC,withdraw,0,84,84,"{'from': 2, 'to': 32, 'note hash': '090e7aa59fb415c47b01fa54ae7f5470989deafb', 'in block': 82}"
0ca7d9e285ee7e3799f60e121703b078edd8ebd0,TC,32,internal,1,84,84,
80078c6bac476a09968e4e5b4039a9daade5c3fc,4854,TC,deposit,1,84,84,"{'from': 4854, 'to': 4819, 'note hash': 'dd7329b242d022785f5b516540ca94422a12a24a', 'in block': 84}"
f24ee635a5bcbbc3ddc8a075459f0aeb7f4099a1,0,TC,deposit,1,84,84,"{'from': 0, 'to': 47, 'note hash': 'ff26433d08dbd3a18a83c68a956e8215740bfd89', 'in block': 84}"
61beffffaf32de1298f9c98c2960143c3ad1056e,7700,OTHER,transfer,2,85,85,
83702e31ed2409034454c40a6d2882f3843fecbf,6048,OTHER,transfer,2,85,85,
7c8ce634822af356b160d197fd1fa5869fa2fd18,1732,OTHER,transfer,2,85,85,
abdeed924c364c451ecd17b7a11f88b1ecc4c106,1,TC,deposit,1,85,85,"{'from': 1, 'to': 37, 'note hash': '70484c669a6c1b47b27a8cd532da7a9afc540b73', 'in block': 85}"
4198e3c64c0da96eed561740a3aea49bccad720c,7610,OTHER,transfer,2,85,85,
80353eaaa83519c755b258ec814e46b6a6810f29,20,TC,withdraw,0,86,86,"{'from': 2, 'to': 32, 'note hash': '850e13891a6046f3e9a89631d4aa86e060181e7d', 'in block': 82}"
aca0dfc7b9fb66f5f17b425900de1868cb9ba1bf,TC,32,internal,1,86,86,
42431c763bbc6b3e79727f99de77188a154514c3,4278,OTHER,transfer,2,86,86,
3134b7626f3eef442b9aa1681fa286717a452864,17,TC,withdraw,0,86,86,"{'from': 1, 'to': 57, 'note hash': 'a6fe013c5e94140ba42ba569686797bb5d3ea17b', 'in block': 83}"
ce4b6087d6f76c2373f31c7911ae8154aa13d4a3,TC,57,internal,1,86,86,
910ff6b36ed08f6816c1c86504d73edd03c52d94,2312,OTHER,transfer,2,87,87,
67e75ebdf142b41adb0c0e23f54ba5fad745ef74,829,OTHER,transfer,2,87,87,
fd3a7a47a3ed49c22a451e92a43282b379fe2293,22,TC,withdraw,0,87,87,"{'from': 2, 'to': 32, 'note hash': 'c37aad954bf14183bfb7aa8314c199f2bdc4923a', 'in block': 83}"
e4e32616f8e3f6669bb9a22e814cc774f1d8365f,TC,32,internal,1,87,87,
83e3abcd6657f025b12c174dfe5311e1dee9d1f9,3208,OTHER,transfer,2,87,87,
aebee0512b6b54df224c21af27573996df6786d7,5574,OTHER,transfer,2,88,88,
a2a36e0928d462216a6d60dca7be6e76b908f446,7827,OTHER,transfer,2,88,88,
eeb8b89bb03d648ef86e1fc28bcb82281f3e7e29,27,TC,withdraw,0,88,88,"{'from': 1, 'to': 37, 'note hash': '70484c669a6c1b47b27a8cd532da7a9afc540b73', 'in block': 85}"
5bb6b4fd0b9e04cd88cdfcba7c47d69b45f70880,TC,37,internal,1,88,88,
83cf3882aa8c89a185f549a6be06cbd853c33f4a,8111,OTHER,transfer,2,88,88,
a65b08878e6c00b236197a96fd5201132b5a9297,6062,OTHER,transfer,2,89,89,
c9138830fcd68fd4767450d08f809573418ebaaf,8047,TC,deposit,1,89,89,"{'from': 8047, 'to': 7975, 'note hash': '067aae4f2e632c90495f7583bb5549b6ca55f13e', 'in block': 89}"
ee5a1742c4f29996bb1cabf4ecdae3efb4ba1039,0,TC,deposit,1,89,89,"{'from': 0, 'to': 32, 'note hash': '786fd0ab5ac7b8c38a418c0ff47e09e3ee48a4c2', 'in block': 89}"
9febd3ab44415677e600bf49653108797bb2421c,7826,OTHER,transfer,2,89,89,
5061ceab54fb1f66ee608bae645a80c1fadd8b1f,7756,OTHER,transfer,2,89,89,
096e842e899a917e6c5aab8e036763c006d5266e,0,TC,deposit,1,90,90,"{'from': 0, 'to': 21, 'note hash': '0e07848f25c06cec28a94ad970a0ff5a1895c254', 'in block': 90}"
b650b8b0acac600555b5bfa8917f7a362cd6cd83,1680,OTHER,transfer,2,90,90,
272ec2c1491e23c2e0a8e67b9e11a9798b74aab2,2391,OTHER,transfer,2,90,90,
cf3502444f200991294a2870bc555f9bebce0cfd,50,TC,withdraw,0,90,90,"{'from': 0, 'to': 32, 'note hash': '786fd0ab5ac7b8c38a418c0ff47e09e3ee48a4c2', 'in block': 89}"
0dee2e35e3324a6b6521238d022a7b201e16c594,TC,32,internal,1,90,90,
ac28c47783421d571bf9dab444776feb961cd605,52,TC,withdraw,0,91,91,"{'from': 0, 'to': 47, 'note hash': 'ff26433d08dbd3a18a83c68a956e8215740bfd89', 'in block': 84}"
197595c14f9375cc14177c6fbce4d88fa1d7a82a,TC,47,internal,1,91,91,
8f4b4a4183ba759dcc329a3d551865ce1727f8eb,400,OTHER,transfer,2,91,91,
4a9ae542369cde824bed052e874690b35383986a,1,TC,deposit,1,91,91,"{'from': 1, 'to': 52, 'note hash': 'c703a584dc440fca35a6e938fb1a464913ba3a54', 'in block': 91}"
8fdd8f2a0947f9ce1078fb60234e3055ccc069e1,9061,OTHER,transfer,2,91,91,
79e2c93c15ea9aa952a14c103fe9e7c3397c6dd7,7,TC,withdraw,0,92,92,"{'from': 1, 'to': 52, 'note hash': 'c703a584dc440fca35a6e938fb1a464913ba3a54', 'in block': 91}"
3b24ec215e71153cc272c7e3bf17cb02cb2fcddf,TC,52,internal,1,92,92,
02387e86cb6b506fdcfe4ccb47d6fe567ce97ce8,1789,OTHER,transfer,2,92,92,
7ffb522055c61f4bf63488721502e80b1c53ea33,37,TC,withdraw,0,92,92,"{'from': 0, 'to': 21, 'note hash': '0e07848f25c06cec28a94ad970a0ff5a1895c254', 'in block': 90}"
2606c02067bf4c2266f7aec051bc7cc17fb964d2,TC,21,internal,1,92,92,
9f861f04fa2b25f746a90b560e7ce7381bb230c1,9152,OTHER,transfer,2,93,93,
